{
	"pages": [ //pages数组中第一项表示应用启动页，参考：https://uniapp.dcloud.io/collocation/pages
		{
			"path": "pages/index/index",
			"style": {
				"navigationBarTitleText": "",
				"navigationBarBackgroundColor": "#ffffff"
			}
		},
		{
			"path": "pages/reservation/reservation",
			"style": {
				"navigationBarTitleText": "",
				"navigationBarBackgroundColor": "#ffffff"
			}
		},
		{
			"path": "pages/record/record",
			"style": {
				"navigationBarTitleText": "",
				"navigationBarBackgroundColor": "#ffffff"
			}
		},
		{
			"path" : "pages/formal/formal",
			"style" :
			{
				"navigationBarTitleText" : "",
				"navigationBarBackgroundColor": "#ffffff"
			}
		},
		{
			"path" : "pages/submit/success/success",
			"style" : 
			{
				"navigationBarTitleText" : "预约成功",
				"navigationBarBackgroundColor": "#ffffff"
			}
		},
		{
			"path" : "pages/submit/fail/fail",
			"style" : 
			{
				"navigationBarTitleText" : "预约失败",
				"navigationBarBackgroundColor": "#ffffff"
			}
		}
	],
	"globalStyle": {
		"navigationBarTextStyle": "black",
		"navigationBarTitleText": "护安行",
		"navigationBarBackgroundColor": "#F8F8F8",
		"backgroundColor": "#F8F8F8"
	},
	"uniIdRouter": {}
}